part_number,family,category,core,vdd_min,vdd_max,vddio_min,vddio_max,temp_min_C,temp_max_C,flash_kB,ram_kB,max_freq_MHz,package,interfaces,adc_bits,notes,source,device_part,vendor,device_vdd_min_V,device_vdd_typ_V,device_vdd_max_V,device_temp_min_C,device_temp_max_C,datasheet_url,device_notes,row_id,process_name,process_family,node_nm,process_source_url,packaging,packaging_type,packaging_source_url,service,service_source_url,tsmc_notes
QuarkD2000_1,Quark,MCU,x86,1.71,3.6,1.71,3.6,-40.0,85.0,32.0,8.0,32.0,32-QFN,I2C/SPI/UART,12-bit,Low-power x86 MCU,datasheet,,,,,,,,,,,,,,,,,,,,
QuarkSE_2,Quark,MCU,x86,1.71,3.6,1.71,3.6,-40.0,85.0,384.0,80.0,32.0,BGA,I2C/SPI/UART/USB,12-bit,MCU with sensor subsystem,datasheet,,,,,,,,,,,,,,,,,,,,
Curie_3,Curie Module,MCU+BLE,x86,1.71,3.6,1.71,3.6,-40.0,85.0,384.0,80.0,32.0,BGA,I2C/SPI/UART/BLE,12-bit,Wearable module,datasheet,,,,,,,,,,,,,,,,,,,,
Edison_4,Module,MCU+WiFi,Atom,3.3,3.6,3.3,3.6,-40.0,85.0,4096.0,1024.0,500.0,Module,WiFi/BT/I2C/SPI/UART,12-bit,IoT module,datasheet,,,,,,,,,,,,,,,,,,,,
MAX10_5,FPGA,FPGA,FPGA,1.2,3.3,1.2,3.3,-40.0,125.0,0.0,0.0,200.0,BGA,GPIO/ADC,12-bit,Altera MAX 10 FPGA,datasheet,,,,,,,,,,,,,,,,,,,,
CycloneV_6,FPGA,FPGA,FPGA,1.2,3.3,1.2,3.3,-40.0,125.0,0.0,0.0,800.0,BGA,GPIO/ADC,12-bit,Altera Cyclone V FPGA,datasheet,,,,,,,,,,,,,,,,,,,,
IntelRealSenseD435_7,RealSense,SENSOR,,1.2,3.3,1.2,3.3,-10.0,40.0,0.0,0.0,0.0,Module,USB3,0,Depth camera module,datasheet,,,,,,,,,,,,,,,,,,,,
IntelLIDARL515_8,RealSense,SENSOR,,1.2,3.3,1.2,3.3,-10.0,40.0,0.0,0.0,0.0,Module,USB3,0,LIDAR depth camera,datasheet,,,,,,,,,,,,,,,,,,,,
QuarkD2000_9,Quark,MCU,x86,1.71,3.6,1.71,3.6,-40.0,85.0,32.0,8.0,32.0,32-QFN,I2C/SPI/UART,12-bit,Low-power x86 MCU,datasheet,,,,,,,,,,,,,,,,,,,,
QuarkSE_10,Quark,MCU,x86,1.71,3.6,1.71,3.6,-40.0,85.0,384.0,80.0,32.0,BGA,I2C/SPI/UART/USB,12-bit,MCU with sensor subsystem,datasheet,,,,,,,,,,,,,,,,,,,,
Curie_11,Curie Module,MCU+BLE,x86,1.71,3.6,1.71,3.6,-40.0,85.0,384.0,80.0,32.0,BGA,I2C/SPI/UART/BLE,12-bit,Wearable module,datasheet,,,,,,,,,,,,,,,,,,,,
Edison_12,Module,MCU+WiFi,Atom,3.3,3.6,3.3,3.6,-40.0,85.0,4096.0,1024.0,500.0,Module,WiFi/BT/I2C/SPI/UART,12-bit,IoT module,datasheet,,,,,,,,,,,,,,,,,,,,
MAX10_13,FPGA,FPGA,FPGA,1.2,3.3,1.2,3.3,-40.0,125.0,0.0,0.0,200.0,BGA,GPIO/ADC,12-bit,Altera MAX 10 FPGA,datasheet,,,,,,,,,,,,,,,,,,,,
CycloneV_14,FPGA,FPGA,FPGA,1.2,3.3,1.2,3.3,-40.0,125.0,0.0,0.0,800.0,BGA,GPIO/ADC,12-bit,Altera Cyclone V FPGA,datasheet,,,,,,,,,,,,,,,,,,,,
IntelRealSenseD435_15,RealSense,SENSOR,,1.2,3.3,1.2,3.3,-10.0,40.0,0.0,0.0,0.0,Module,USB3,0,Depth camera module,datasheet,,,,,,,,,,,,,,,,,,,,
IntelLIDARL515_16,RealSense,SENSOR,,1.2,3.3,1.2,3.3,-10.0,40.0,0.0,0.0,0.0,Module,USB3,0,LIDAR depth camera,datasheet,,,,,,,,,,,,,,,,,,,,
QuarkD2000_17,Quark,MCU,x86,1.71,3.6,1.71,3.6,-40.0,85.0,32.0,8.0,32.0,32-QFN,I2C/SPI/UART,12-bit,Low-power x86 MCU,datasheet,,,,,,,,,,,,,,,,,,,,
QuarkSE_18,Quark,MCU,x86,1.71,3.6,1.71,3.6,-40.0,85.0,384.0,80.0,32.0,BGA,I2C/SPI/UART/USB,12-bit,MCU with sensor subsystem,datasheet,,,,,,,,,,,,,,,,,,,,
Curie_19,Curie Module,MCU+BLE,x86,1.71,3.6,1.71,3.6,-40.0,85.0,384.0,80.0,32.0,BGA,I2C/SPI/UART/BLE,12-bit,Wearable module,datasheet,,,,,,,,,,,,,,,,,,,,
Edison_20,Module,MCU+WiFi,Atom,3.3,3.6,3.3,3.6,-40.0,85.0,4096.0,1024.0,500.0,Module,WiFi/BT/I2C/SPI/UART,12-bit,IoT module,datasheet,,,,,,,,,,,,,,,,,,,,
MAX10_21,FPGA,FPGA,FPGA,1.2,3.3,1.2,3.3,-40.0,125.0,0.0,0.0,200.0,BGA,GPIO/ADC,12-bit,Altera MAX 10 FPGA,datasheet,,,,,,,,,,,,,,,,,,,,
CycloneV_22,FPGA,FPGA,FPGA,1.2,3.3,1.2,3.3,-40.0,125.0,0.0,0.0,800.0,BGA,GPIO/ADC,12-bit,Altera Cyclone V FPGA,datasheet,,,,,,,,,,,,,,,,,,,,
IntelRealSenseD435_23,RealSense,SENSOR,,1.2,3.3,1.2,3.3,-10.0,40.0,0.0,0.0,0.0,Module,USB3,0,Depth camera module,datasheet,,,,,,,,,,,,,,,,,,,,
IntelLIDARL515_24,RealSense,SENSOR,,1.2,3.3,1.2,3.3,-10.0,40.0,0.0,0.0,0.0,Module,USB3,0,LIDAR depth camera,datasheet,,,,,,,,,,,,,,,,,,,,
QuarkD2000_25,Quark,MCU,x86,1.71,3.6,1.71,3.6,-40.0,85.0,32.0,8.0,32.0,32-QFN,I2C/SPI/UART,12-bit,Low-power x86 MCU,datasheet,,,,,,,,,,,,,,,,,,,,
QuarkSE_26,Quark,MCU,x86,1.71,3.6,1.71,3.6,-40.0,85.0,384.0,80.0,32.0,BGA,I2C/SPI/UART/USB,12-bit,MCU with sensor subsystem,datasheet,,,,,,,,,,,,,,,,,,,,
Curie_27,Curie Module,MCU+BLE,x86,1.71,3.6,1.71,3.6,-40.0,85.0,384.0,80.0,32.0,BGA,I2C/SPI/UART/BLE,12-bit,Wearable module,datasheet,,,,,,,,,,,,,,,,,,,,
Edison_28,Module,MCU+WiFi,Atom,3.3,3.6,3.3,3.6,-40.0,85.0,4096.0,1024.0,500.0,Module,WiFi/BT/I2C/SPI/UART,12-bit,IoT module,datasheet,,,,,,,,,,,,,,,,,,,,
MAX10_29,FPGA,FPGA,FPGA,1.2,3.3,1.2,3.3,-40.0,125.0,0.0,0.0,200.0,BGA,GPIO/ADC,12-bit,Altera MAX 10 FPGA,datasheet,,,,,,,,,,,,,,,,,,,,
CycloneV_30,FPGA,FPGA,FPGA,1.2,3.3,1.2,3.3,-40.0,125.0,0.0,0.0,800.0,BGA,GPIO/ADC,12-bit,Altera Cyclone V FPGA,datasheet,,,,,,,,,,,,,,,,,,,,
IntelRealSenseD435_31,RealSense,SENSOR,,1.2,3.3,1.2,3.3,-10.0,40.0,0.0,0.0,0.0,Module,USB3,0,Depth camera module,datasheet,,,,,,,,,,,,,,,,,,,,
IntelLIDARL515_32,RealSense,SENSOR,,1.2,3.3,1.2,3.3,-10.0,40.0,0.0,0.0,0.0,Module,USB3,0,LIDAR depth camera,datasheet,,,,,,,,,,,,,,,,,,,,
QuarkD2000_33,Quark,MCU,x86,1.71,3.6,1.71,3.6,-40.0,85.0,32.0,8.0,32.0,32-QFN,I2C/SPI/UART,12-bit,Low-power x86 MCU,datasheet,,,,,,,,,,,,,,,,,,,,
QuarkSE_34,Quark,MCU,x86,1.71,3.6,1.71,3.6,-40.0,85.0,384.0,80.0,32.0,BGA,I2C/SPI/UART/USB,12-bit,MCU with sensor subsystem,datasheet,,,,,,,,,,,,,,,,,,,,
Curie_35,Curie Module,MCU+BLE,x86,1.71,3.6,1.71,3.6,-40.0,85.0,384.0,80.0,32.0,BGA,I2C/SPI/UART/BLE,12-bit,Wearable module,datasheet,,,,,,,,,,,,,,,,,,,,
Edison_36,Module,MCU+WiFi,Atom,3.3,3.6,3.3,3.6,-40.0,85.0,4096.0,1024.0,500.0,Module,WiFi/BT/I2C/SPI/UART,12-bit,IoT module,datasheet,,,,,,,,,,,,,,,,,,,,
MAX10_37,FPGA,FPGA,FPGA,1.2,3.3,1.2,3.3,-40.0,125.0,0.0,0.0,200.0,BGA,GPIO/ADC,12-bit,Altera MAX 10 FPGA,datasheet,,,,,,,,,,,,,,,,,,,,
CycloneV_38,FPGA,FPGA,FPGA,1.2,3.3,1.2,3.3,-40.0,125.0,0.0,0.0,800.0,BGA,GPIO/ADC,12-bit,Altera Cyclone V FPGA,datasheet,,,,,,,,,,,,,,,,,,,,
IntelRealSenseD435_39,RealSense,SENSOR,,1.2,3.3,1.2,3.3,-10.0,40.0,0.0,0.0,0.0,Module,USB3,0,Depth camera module,datasheet,,,,,,,,,,,,,,,,,,,,
IntelLIDARL515_40,RealSense,SENSOR,,1.2,3.3,1.2,3.3,-10.0,40.0,0.0,0.0,0.0,Module,USB3,0,LIDAR depth camera,datasheet,,,,,,,,,,,,,,,,,,,,
QuarkD2000_41,Quark,MCU,x86,1.71,3.6,1.71,3.6,-40.0,85.0,32.0,8.0,32.0,32-QFN,I2C/SPI/UART,12-bit,Low-power x86 MCU,datasheet,,,,,,,,,,,,,,,,,,,,
QuarkSE_42,Quark,MCU,x86,1.71,3.6,1.71,3.6,-40.0,85.0,384.0,80.0,32.0,BGA,I2C/SPI/UART/USB,12-bit,MCU with sensor subsystem,datasheet,,,,,,,,,,,,,,,,,,,,
Curie_43,Curie Module,MCU+BLE,x86,1.71,3.6,1.71,3.6,-40.0,85.0,384.0,80.0,32.0,BGA,I2C/SPI/UART/BLE,12-bit,Wearable module,datasheet,,,,,,,,,,,,,,,,,,,,
Edison_44,Module,MCU+WiFi,Atom,3.3,3.6,3.3,3.6,-40.0,85.0,4096.0,1024.0,500.0,Module,WiFi/BT/I2C/SPI/UART,12-bit,IoT module,datasheet,,,,,,,,,,,,,,,,,,,,
MAX10_45,FPGA,FPGA,FPGA,1.2,3.3,1.2,3.3,-40.0,125.0,0.0,0.0,200.0,BGA,GPIO/ADC,12-bit,Altera MAX 10 FPGA,datasheet,,,,,,,,,,,,,,,,,,,,
CycloneV_46,FPGA,FPGA,FPGA,1.2,3.3,1.2,3.3,-40.0,125.0,0.0,0.0,800.0,BGA,GPIO/ADC,12-bit,Altera Cyclone V FPGA,datasheet,,,,,,,,,,,,,,,,,,,,
IntelRealSenseD435_47,RealSense,SENSOR,,1.2,3.3,1.2,3.3,-10.0,40.0,0.0,0.0,0.0,Module,USB3,0,Depth camera module,datasheet,,,,,,,,,,,,,,,,,,,,
IntelLIDARL515_48,RealSense,SENSOR,,1.2,3.3,1.2,3.3,-10.0,40.0,0.0,0.0,0.0,Module,USB3,0,LIDAR depth camera,datasheet,,,,,,,,,,,,,,,,,,,,
QuarkD2000_49,Quark,MCU,x86,1.71,3.6,1.71,3.6,-40.0,85.0,32.0,8.0,32.0,32-QFN,I2C/SPI/UART,12-bit,Low-power x86 MCU,datasheet,,,,,,,,,,,,,,,,,,,,
QuarkSE_50,Quark,MCU,x86,1.71,3.6,1.71,3.6,-40.0,85.0,384.0,80.0,32.0,BGA,I2C/SPI/UART/USB,12-bit,MCU with sensor subsystem,datasheet,,,,,,,,,,,,,,,,,,,,
Curie_51,Curie Module,MCU+BLE,x86,1.71,3.6,1.71,3.6,-40.0,85.0,384.0,80.0,32.0,BGA,I2C/SPI/UART/BLE,12-bit,Wearable module,datasheet,,,,,,,,,,,,,,,,,,,,
Edison_52,Module,MCU+WiFi,Atom,3.3,3.6,3.3,3.6,-40.0,85.0,4096.0,1024.0,500.0,Module,WiFi/BT/I2C/SPI/UART,12-bit,IoT module,datasheet,,,,,,,,,,,,,,,,,,,,
MAX10_53,FPGA,FPGA,FPGA,1.2,3.3,1.2,3.3,-40.0,125.0,0.0,0.0,200.0,BGA,GPIO/ADC,12-bit,Altera MAX 10 FPGA,datasheet,,,,,,,,,,,,,,,,,,,,
CycloneV_54,FPGA,FPGA,FPGA,1.2,3.3,1.2,3.3,-40.0,125.0,0.0,0.0,800.0,BGA,GPIO/ADC,12-bit,Altera Cyclone V FPGA,datasheet,,,,,,,,,,,,,,,,,,,,
IntelRealSenseD435_55,RealSense,SENSOR,,1.2,3.3,1.2,3.3,-10.0,40.0,0.0,0.0,0.0,Module,USB3,0,Depth camera module,datasheet,,,,,,,,,,,,,,,,,,,,
IntelLIDARL515_56,RealSense,SENSOR,,1.2,3.3,1.2,3.3,-10.0,40.0,0.0,0.0,0.0,Module,USB3,0,LIDAR depth camera,datasheet,,,,,,,,,,,,,,,,,,,,
QuarkD2000_57,Quark,MCU,x86,1.71,3.6,1.71,3.6,-40.0,85.0,32.0,8.0,32.0,32-QFN,I2C/SPI/UART,12-bit,Low-power x86 MCU,datasheet,,,,,,,,,,,,,,,,,,,,
QuarkSE_58,Quark,MCU,x86,1.71,3.6,1.71,3.6,-40.0,85.0,384.0,80.0,32.0,BGA,I2C/SPI/UART/USB,12-bit,MCU with sensor subsystem,datasheet,,,,,,,,,,,,,,,,,,,,
Curie_59,Curie Module,MCU+BLE,x86,1.71,3.6,1.71,3.6,-40.0,85.0,384.0,80.0,32.0,BGA,I2C/SPI/UART/BLE,12-bit,Wearable module,datasheet,,,,,,,,,,,,,,,,,,,,
Edison_60,Module,MCU+WiFi,Atom,3.3,3.6,3.3,3.6,-40.0,85.0,4096.0,1024.0,500.0,Module,WiFi/BT/I2C/SPI/UART,12-bit,IoT module,datasheet,,,,,,,,,,,,,,,,,,,,
MAX10_61,FPGA,FPGA,FPGA,1.2,3.3,1.2,3.3,-40.0,125.0,0.0,0.0,200.0,BGA,GPIO/ADC,12-bit,Altera MAX 10 FPGA,datasheet,,,,,,,,,,,,,,,,,,,,
CycloneV_62,FPGA,FPGA,FPGA,1.2,3.3,1.2,3.3,-40.0,125.0,0.0,0.0,800.0,BGA,GPIO/ADC,12-bit,Altera Cyclone V FPGA,datasheet,,,,,,,,,,,,,,,,,,,,
IntelRealSenseD435_63,RealSense,SENSOR,,1.2,3.3,1.2,3.3,-10.0,40.0,0.0,0.0,0.0,Module,USB3,0,Depth camera module,datasheet,,,,,,,,,,,,,,,,,,,,
IntelLIDARL515_64,RealSense,SENSOR,,1.2,3.3,1.2,3.3,-10.0,40.0,0.0,0.0,0.0,Module,USB3,0,LIDAR depth camera,datasheet,,,,,,,,,,,,,,,,,,,,
QuarkD2000_65,Quark,MCU,x86,1.71,3.6,1.71,3.6,-40.0,85.0,32.0,8.0,32.0,32-QFN,I2C/SPI/UART,12-bit,Low-power x86 MCU,datasheet,,,,,,,,,,,,,,,,,,,,
QuarkSE_66,Quark,MCU,x86,1.71,3.6,1.71,3.6,-40.0,85.0,384.0,80.0,32.0,BGA,I2C/SPI/UART/USB,12-bit,MCU with sensor subsystem,datasheet,,,,,,,,,,,,,,,,,,,,
Curie_67,Curie Module,MCU+BLE,x86,1.71,3.6,1.71,3.6,-40.0,85.0,384.0,80.0,32.0,BGA,I2C/SPI/UART/BLE,12-bit,Wearable module,datasheet,,,,,,,,,,,,,,,,,,,,
Edison_68,Module,MCU+WiFi,Atom,3.3,3.6,3.3,3.6,-40.0,85.0,4096.0,1024.0,500.0,Module,WiFi/BT/I2C/SPI/UART,12-bit,IoT module,datasheet,,,,,,,,,,,,,,,,,,,,
MAX10_69,FPGA,FPGA,FPGA,1.2,3.3,1.2,3.3,-40.0,125.0,0.0,0.0,200.0,BGA,GPIO/ADC,12-bit,Altera MAX 10 FPGA,datasheet,,,,,,,,,,,,,,,,,,,,
CycloneV_70,FPGA,FPGA,FPGA,1.2,3.3,1.2,3.3,-40.0,125.0,0.0,0.0,800.0,BGA,GPIO/ADC,12-bit,Altera Cyclone V FPGA,datasheet,,,,,,,,,,,,,,,,,,,,
IntelRealSenseD435_71,RealSense,SENSOR,,1.2,3.3,1.2,3.3,-10.0,40.0,0.0,0.0,0.0,Module,USB3,0,Depth camera module,datasheet,,,,,,,,,,,,,,,,,,,,
IntelLIDARL515_72,RealSense,SENSOR,,1.2,3.3,1.2,3.3,-10.0,40.0,0.0,0.0,0.0,Module,USB3,0,LIDAR depth camera,datasheet,,,,,,,,,,,,,,,,,,,,
QuarkD2000_73,Quark,MCU,x86,1.71,3.6,1.71,3.6,-40.0,85.0,32.0,8.0,32.0,32-QFN,I2C/SPI/UART,12-bit,Low-power x86 MCU,datasheet,,,,,,,,,,,,,,,,,,,,
QuarkSE_74,Quark,MCU,x86,1.71,3.6,1.71,3.6,-40.0,85.0,384.0,80.0,32.0,BGA,I2C/SPI/UART/USB,12-bit,MCU with sensor subsystem,datasheet,,,,,,,,,,,,,,,,,,,,
Curie_75,Curie Module,MCU+BLE,x86,1.71,3.6,1.71,3.6,-40.0,85.0,384.0,80.0,32.0,BGA,I2C/SPI/UART/BLE,12-bit,Wearable module,datasheet,,,,,,,,,,,,,,,,,,,,
Edison_76,Module,MCU+WiFi,Atom,3.3,3.6,3.3,3.6,-40.0,85.0,4096.0,1024.0,500.0,Module,WiFi/BT/I2C/SPI/UART,12-bit,IoT module,datasheet,,,,,,,,,,,,,,,,,,,,
MAX10_77,FPGA,FPGA,FPGA,1.2,3.3,1.2,3.3,-40.0,125.0,0.0,0.0,200.0,BGA,GPIO/ADC,12-bit,Altera MAX 10 FPGA,datasheet,,,,,,,,,,,,,,,,,,,,
CycloneV_78,FPGA,FPGA,FPGA,1.2,3.3,1.2,3.3,-40.0,125.0,0.0,0.0,800.0,BGA,GPIO/ADC,12-bit,Altera Cyclone V FPGA,datasheet,,,,,,,,,,,,,,,,,,,,
IntelRealSenseD435_79,RealSense,SENSOR,,1.2,3.3,1.2,3.3,-10.0,40.0,0.0,0.0,0.0,Module,USB3,0,Depth camera module,datasheet,,,,,,,,,,,,,,,,,,,,
IntelLIDARL515_80,RealSense,SENSOR,,1.2,3.3,1.2,3.3,-10.0,40.0,0.0,0.0,0.0,Module,USB3,0,LIDAR depth camera,datasheet,,,,,,,,,,,,,,,,,,,,
QuarkD2000_81,Quark,MCU,x86,1.71,3.6,1.71,3.6,-40.0,85.0,32.0,8.0,32.0,32-QFN,I2C/SPI/UART,12-bit,Low-power x86 MCU,datasheet,,,,,,,,,,,,,,,,,,,,
QuarkSE_82,Quark,MCU,x86,1.71,3.6,1.71,3.6,-40.0,85.0,384.0,80.0,32.0,BGA,I2C/SPI/UART/USB,12-bit,MCU with sensor subsystem,datasheet,,,,,,,,,,,,,,,,,,,,
Curie_83,Curie Module,MCU+BLE,x86,1.71,3.6,1.71,3.6,-40.0,85.0,384.0,80.0,32.0,BGA,I2C/SPI/UART/BLE,12-bit,Wearable module,datasheet,,,,,,,,,,,,,,,,,,,,
Edison_84,Module,MCU+WiFi,Atom,3.3,3.6,3.3,3.6,-40.0,85.0,4096.0,1024.0,500.0,Module,WiFi/BT/I2C/SPI/UART,12-bit,IoT module,datasheet,,,,,,,,,,,,,,,,,,,,
MAX10_85,FPGA,FPGA,FPGA,1.2,3.3,1.2,3.3,-40.0,125.0,0.0,0.0,200.0,BGA,GPIO/ADC,12-bit,Altera MAX 10 FPGA,datasheet,,,,,,,,,,,,,,,,,,,,
CycloneV_86,FPGA,FPGA,FPGA,1.2,3.3,1.2,3.3,-40.0,125.0,0.0,0.0,800.0,BGA,GPIO/ADC,12-bit,Altera Cyclone V FPGA,datasheet,,,,,,,,,,,,,,,,,,,,
IntelRealSenseD435_87,RealSense,SENSOR,,1.2,3.3,1.2,3.3,-10.0,40.0,0.0,0.0,0.0,Module,USB3,0,Depth camera module,datasheet,,,,,,,,,,,,,,,,,,,,
IntelLIDARL515_88,RealSense,SENSOR,,1.2,3.3,1.2,3.3,-10.0,40.0,0.0,0.0,0.0,Module,USB3,0,LIDAR depth camera,datasheet,,,,,,,,,,,,,,,,,,,,
QuarkD2000_89,Quark,MCU,x86,1.71,3.6,1.71,3.6,-40.0,85.0,32.0,8.0,32.0,32-QFN,I2C/SPI/UART,12-bit,Low-power x86 MCU,datasheet,,,,,,,,,,,,,,,,,,,,
QuarkSE_90,Quark,MCU,x86,1.71,3.6,1.71,3.6,-40.0,85.0,384.0,80.0,32.0,BGA,I2C/SPI/UART/USB,12-bit,MCU with sensor subsystem,datasheet,,,,,,,,,,,,,,,,,,,,
Curie_91,Curie Module,MCU+BLE,x86,1.71,3.6,1.71,3.6,-40.0,85.0,384.0,80.0,32.0,BGA,I2C/SPI/UART/BLE,12-bit,Wearable module,datasheet,,,,,,,,,,,,,,,,,,,,
Edison_92,Module,MCU+WiFi,Atom,3.3,3.6,3.3,3.6,-40.0,85.0,4096.0,1024.0,500.0,Module,WiFi/BT/I2C/SPI/UART,12-bit,IoT module,datasheet,,,,,,,,,,,,,,,,,,,,
MAX10_93,FPGA,FPGA,FPGA,1.2,3.3,1.2,3.3,-40.0,125.0,0.0,0.0,200.0,BGA,GPIO/ADC,12-bit,Altera MAX 10 FPGA,datasheet,,,,,,,,,,,,,,,,,,,,
CycloneV_94,FPGA,FPGA,FPGA,1.2,3.3,1.2,3.3,-40.0,125.0,0.0,0.0,800.0,BGA,GPIO/ADC,12-bit,Altera Cyclone V FPGA,datasheet,,,,,,,,,,,,,,,,,,,,
IntelRealSenseD435_95,RealSense,SENSOR,,1.2,3.3,1.2,3.3,-10.0,40.0,0.0,0.0,0.0,Module,USB3,0,Depth camera module,datasheet,,,,,,,,,,,,,,,,,,,,
IntelLIDARL515_96,RealSense,SENSOR,,1.2,3.3,1.2,3.3,-10.0,40.0,0.0,0.0,0.0,Module,USB3,0,LIDAR depth camera,datasheet,,,,,,,,,,,,,,,,,,,,
QuarkD2000_97,Quark,MCU,x86,1.71,3.6,1.71,3.6,-40.0,85.0,32.0,8.0,32.0,32-QFN,I2C/SPI/UART,12-bit,Low-power x86 MCU,datasheet,,,,,,,,,,,,,,,,,,,,
QuarkSE_98,Quark,MCU,x86,1.71,3.6,1.71,3.6,-40.0,85.0,384.0,80.0,32.0,BGA,I2C/SPI/UART/USB,12-bit,MCU with sensor subsystem,datasheet,,,,,,,,,,,,,,,,,,,,
Curie_99,Curie Module,MCU+BLE,x86,1.71,3.6,1.71,3.6,-40.0,85.0,384.0,80.0,32.0,BGA,I2C/SPI/UART/BLE,12-bit,Wearable module,datasheet,,,,,,,,,,,,,,,,,,,,
Edison_100,Module,MCU+WiFi,Atom,3.3,3.6,3.3,3.6,-40.0,85.0,4096.0,1024.0,500.0,Module,WiFi/BT/I2C/SPI/UART,12-bit,IoT module,datasheet,,,,,,,,,,,,,,,,,,,,
MAX10_101,FPGA,FPGA,FPGA,1.2,3.3,1.2,3.3,-40.0,125.0,0.0,0.0,200.0,BGA,GPIO/ADC,12-bit,Altera MAX 10 FPGA,datasheet,,,,,,,,,,,,,,,,,,,,
CycloneV_102,FPGA,FPGA,FPGA,1.2,3.3,1.2,3.3,-40.0,125.0,0.0,0.0,800.0,BGA,GPIO/ADC,12-bit,Altera Cyclone V FPGA,datasheet,,,,,,,,,,,,,,,,,,,,
IntelRealSenseD435_103,RealSense,SENSOR,,1.2,3.3,1.2,3.3,-10.0,40.0,0.0,0.0,0.0,Module,USB3,0,Depth camera module,datasheet,,,,,,,,,,,,,,,,,,,,
IntelLIDARL515_104,RealSense,SENSOR,,1.2,3.3,1.2,3.3,-10.0,40.0,0.0,0.0,0.0,Module,USB3,0,LIDAR depth camera,datasheet,,,,,,,,,,,,,,,,,,,,
QuarkD2000_105,Quark,MCU,x86,1.71,3.6,1.71,3.6,-40.0,85.0,32.0,8.0,32.0,32-QFN,I2C/SPI/UART,12-bit,Low-power x86 MCU,datasheet,,,,,,,,,,,,,,,,,,,,
QuarkSE_106,Quark,MCU,x86,1.71,3.6,1.71,3.6,-40.0,85.0,384.0,80.0,32.0,BGA,I2C/SPI/UART/USB,12-bit,MCU with sensor subsystem,datasheet,,,,,,,,,,,,,,,,,,,,
Curie_107,Curie Module,MCU+BLE,x86,1.71,3.6,1.71,3.6,-40.0,85.0,384.0,80.0,32.0,BGA,I2C/SPI/UART/BLE,12-bit,Wearable module,datasheet,,,,,,,,,,,,,,,,,,,,
Edison_108,Module,MCU+WiFi,Atom,3.3,3.6,3.3,3.6,-40.0,85.0,4096.0,1024.0,500.0,Module,WiFi/BT/I2C/SPI/UART,12-bit,IoT module,datasheet,,,,,,,,,,,,,,,,,,,,
MAX10_109,FPGA,FPGA,FPGA,1.2,3.3,1.2,3.3,-40.0,125.0,0.0,0.0,200.0,BGA,GPIO/ADC,12-bit,Altera MAX 10 FPGA,datasheet,,,,,,,,,,,,,,,,,,,,
CycloneV_110,FPGA,FPGA,FPGA,1.2,3.3,1.2,3.3,-40.0,125.0,0.0,0.0,800.0,BGA,GPIO/ADC,12-bit,Altera Cyclone V FPGA,datasheet,,,,,,,,,,,,,,,,,,,,
IntelRealSenseD435_111,RealSense,SENSOR,,1.2,3.3,1.2,3.3,-10.0,40.0,0.0,0.0,0.0,Module,USB3,0,Depth camera module,datasheet,,,,,,,,,,,,,,,,,,,,
IntelLIDARL515_112,RealSense,SENSOR,,1.2,3.3,1.2,3.3,-10.0,40.0,0.0,0.0,0.0,Module,USB3,0,LIDAR depth camera,datasheet,,,,,,,,,,,,,,,,,,,,
QuarkD2000_113,Quark,MCU,x86,1.71,3.6,1.71,3.6,-40.0,85.0,32.0,8.0,32.0,32-QFN,I2C/SPI/UART,12-bit,Low-power x86 MCU,datasheet,,,,,,,,,,,,,,,,,,,,
QuarkSE_114,Quark,MCU,x86,1.71,3.6,1.71,3.6,-40.0,85.0,384.0,80.0,32.0,BGA,I2C/SPI/UART/USB,12-bit,MCU with sensor subsystem,datasheet,,,,,,,,,,,,,,,,,,,,
Curie_115,Curie Module,MCU+BLE,x86,1.71,3.6,1.71,3.6,-40.0,85.0,384.0,80.0,32.0,BGA,I2C/SPI/UART/BLE,12-bit,Wearable module,datasheet,,,,,,,,,,,,,,,,,,,,
Edison_116,Module,MCU+WiFi,Atom,3.3,3.6,3.3,3.6,-40.0,85.0,4096.0,1024.0,500.0,Module,WiFi/BT/I2C/SPI/UART,12-bit,IoT module,datasheet,,,,,,,,,,,,,,,,,,,,
MAX10_117,FPGA,FPGA,FPGA,1.2,3.3,1.2,3.3,-40.0,125.0,0.0,0.0,200.0,BGA,GPIO/ADC,12-bit,Altera MAX 10 FPGA,datasheet,,,,,,,,,,,,,,,,,,,,
CycloneV_118,FPGA,FPGA,FPGA,1.2,3.3,1.2,3.3,-40.0,125.0,0.0,0.0,800.0,BGA,GPIO/ADC,12-bit,Altera Cyclone V FPGA,datasheet,,,,,,,,,,,,,,,,,,,,
IntelRealSenseD435_119,RealSense,SENSOR,,1.2,3.3,1.2,3.3,-10.0,40.0,0.0,0.0,0.0,Module,USB3,0,Depth camera module,datasheet,,,,,,,,,,,,,,,,,,,,
IntelLIDARL515_120,RealSense,SENSOR,,1.2,3.3,1.2,3.3,-10.0,40.0,0.0,0.0,0.0,Module,USB3,0,LIDAR depth camera,datasheet,,,,,,,,,,,,,,,,,,,,
LPC55S69_1,LPC55S6x,MCU,Cortex-M33,1.8,3.6,1.8,3.6,-40.0,105.0,640.0,320.0,150.0,64-TQFP,USB/ETH/I2C/SPI/CAN,10x16b,"Cortex-M33, security features",turn1search10,,,,,,,,,,,,,,,,,,,,
LPC54608_2,LPC54000,MCU,Cortex-M4,1.8,3.6,1.8,3.6,-40.0,105.0,512.0,200.0,220.0,100-LQFP,USB/SD/MMC/SPI/I2C,12-bit,High-performance Cortex-M4 family,turn0search6,,,,,,,,,,,,,,,,,,,,
i.MXRT1060_3,i.MX RT,MCU/Crossover,Cortex-M7,1.71,3.6,1.71,3.6,-40.0,105.0,1024.0,512.0,600.0,BGA,USB/ETH/LCD/SPI/I2C,12-bit,Crossover MCU (high perf),turn1search1,,,,,,,,,,,,,,,,,,,,
MMA8451Q_4,Accelerometer,SENSOR,,1.95,3.6,1.62,3.6,-40.0,85.0,0.0,0.0,0.0,6x6 LGA,I2C,0,3-axis accelerometer 14-bit,turn1search3,,,,,,,,,,,,,,,,,,,,
FXOS8700CQ_5,6-axis,SENSOR,,1.95,3.6,1.62,3.6,-40.0,85.0,0.0,0.0,0.0,QFN,I2C/SPI,0,3-axis accel + 3-axis mag,turn1search4,,,,,,,,,,,,,,,,,,,,
LPC55S69_6,LPC55S6x,MCU,Cortex-M33,1.8,3.6,1.8,3.6,-40.0,105.0,640.0,320.0,150.0,64-TQFP,USB/ETH/I2C/SPI/CAN,10x16b,"Cortex-M33, security features",turn1search10,,,,,,,,,,,,,,,,,,,,
LPC54608_7,LPC54000,MCU,Cortex-M4,1.8,3.6,1.8,3.6,-40.0,105.0,512.0,200.0,220.0,100-LQFP,USB/SD/MMC/SPI/I2C,12-bit,High-performance Cortex-M4 family,turn0search6,,,,,,,,,,,,,,,,,,,,
i.MXRT1060_8,i.MX RT,MCU/Crossover,Cortex-M7,1.71,3.6,1.71,3.6,-40.0,105.0,1024.0,512.0,600.0,BGA,USB/ETH/LCD/SPI/I2C,12-bit,Crossover MCU (high perf),turn1search1,,,,,,,,,,,,,,,,,,,,
MMA8451Q_9,Accelerometer,SENSOR,,1.95,3.6,1.62,3.6,-40.0,85.0,0.0,0.0,0.0,6x6 LGA,I2C,0,3-axis accelerometer 14-bit,turn1search3,,,,,,,,,,,,,,,,,,,,
FXOS8700CQ_10,6-axis,SENSOR,,1.95,3.6,1.62,3.6,-40.0,85.0,0.0,0.0,0.0,QFN,I2C/SPI,0,3-axis accel + 3-axis mag,turn1search4,,,,,,,,,,,,,,,,,,,,
LPC55S69_11,LPC55S6x,MCU,Cortex-M33,1.8,3.6,1.8,3.6,-40.0,105.0,640.0,320.0,150.0,64-TQFP,USB/ETH/I2C/SPI/CAN,10x16b,"Cortex-M33, security features",turn1search10,,,,,,,,,,,,,,,,,,,,
LPC54608_12,LPC54000,MCU,Cortex-M4,1.8,3.6,1.8,3.6,-40.0,105.0,512.0,200.0,220.0,100-LQFP,USB/SD/MMC/SPI/I2C,12-bit,High-performance Cortex-M4 family,turn0search6,,,,,,,,,,,,,,,,,,,,
i.MXRT1060_13,i.MX RT,MCU/Crossover,Cortex-M7,1.71,3.6,1.71,3.6,-40.0,105.0,1024.0,512.0,600.0,BGA,USB/ETH/LCD/SPI/I2C,12-bit,Crossover MCU (high perf),turn1search1,,,,,,,,,,,,,,,,,,,,
MMA8451Q_14,Accelerometer,SENSOR,,1.95,3.6,1.62,3.6,-40.0,85.0,0.0,0.0,0.0,6x6 LGA,I2C,0,3-axis accelerometer 14-bit,turn1search3,,,,,,,,,,,,,,,,,,,,
FXOS8700CQ_15,6-axis,SENSOR,,1.95,3.6,1.62,3.6,-40.0,85.0,0.0,0.0,0.0,QFN,I2C/SPI,0,3-axis accel + 3-axis mag,turn1search4,,,,,,,,,,,,,,,,,,,,
LPC55S69_16,LPC55S6x,MCU,Cortex-M33,1.8,3.6,1.8,3.6,-40.0,105.0,640.0,320.0,150.0,64-TQFP,USB/ETH/I2C/SPI/CAN,10x16b,"Cortex-M33, security features",turn1search10,,,,,,,,,,,,,,,,,,,,
LPC54608_17,LPC54000,MCU,Cortex-M4,1.8,3.6,1.8,3.6,-40.0,105.0,512.0,200.0,220.0,100-LQFP,USB/SD/MMC/SPI/I2C,12-bit,High-performance Cortex-M4 family,turn0search6,,,,,,,,,,,,,,,,,,,,
i.MXRT1060_18,i.MX RT,MCU/Crossover,Cortex-M7,1.71,3.6,1.71,3.6,-40.0,105.0,1024.0,512.0,600.0,BGA,USB/ETH/LCD/SPI/I2C,12-bit,Crossover MCU (high perf),turn1search1,,,,,,,,,,,,,,,,,,,,
MMA8451Q_19,Accelerometer,SENSOR,,1.95,3.6,1.62,3.6,-40.0,85.0,0.0,0.0,0.0,6x6 LGA,I2C,0,3-axis accelerometer 14-bit,turn1search3,,,,,,,,,,,,,,,,,,,,
FXOS8700CQ_20,6-axis,SENSOR,,1.95,3.6,1.62,3.6,-40.0,85.0,0.0,0.0,0.0,QFN,I2C/SPI,0,3-axis accel + 3-axis mag,turn1search4,,,,,,,,,,,,,,,,,,,,
LPC55S69_21,LPC55S6x,MCU,Cortex-M33,1.8,3.6,1.8,3.6,-40.0,105.0,640.0,320.0,150.0,64-TQFP,USB/ETH/I2C/SPI/CAN,10x16b,"Cortex-M33, security features",turn1search10,,,,,,,,,,,,,,,,,,,,
LPC54608_22,LPC54000,MCU,Cortex-M4,1.8,3.6,1.8,3.6,-40.0,105.0,512.0,200.0,220.0,100-LQFP,USB/SD/MMC/SPI/I2C,12-bit,High-performance Cortex-M4 family,turn0search6,,,,,,,,,,,,,,,,,,,,
i.MXRT1060_23,i.MX RT,MCU/Crossover,Cortex-M7,1.71,3.6,1.71,3.6,-40.0,105.0,1024.0,512.0,600.0,BGA,USB/ETH/LCD/SPI/I2C,12-bit,Crossover MCU (high perf),turn1search1,,,,,,,,,,,,,,,,,,,,
MMA8451Q_24,Accelerometer,SENSOR,,1.95,3.6,1.62,3.6,-40.0,85.0,0.0,0.0,0.0,6x6 LGA,I2C,0,3-axis accelerometer 14-bit,turn1search3,,,,,,,,,,,,,,,,,,,,
FXOS8700CQ_25,6-axis,SENSOR,,1.95,3.6,1.62,3.6,-40.0,85.0,0.0,0.0,0.0,QFN,I2C/SPI,0,3-axis accel + 3-axis mag,turn1search4,,,,,,,,,,,,,,,,,,,,
LPC55S69_26,LPC55S6x,MCU,Cortex-M33,1.8,3.6,1.8,3.6,-40.0,105.0,640.0,320.0,150.0,64-TQFP,USB/ETH/I2C/SPI/CAN,10x16b,"Cortex-M33, security features",turn1search10,,,,,,,,,,,,,,,,,,,,
LPC54608_27,LPC54000,MCU,Cortex-M4,1.8,3.6,1.8,3.6,-40.0,105.0,512.0,200.0,220.0,100-LQFP,USB/SD/MMC/SPI/I2C,12-bit,High-performance Cortex-M4 family,turn0search6,,,,,,,,,,,,,,,,,,,,
i.MXRT1060_28,i.MX RT,MCU/Crossover,Cortex-M7,1.71,3.6,1.71,3.6,-40.0,105.0,1024.0,512.0,600.0,BGA,USB/ETH/LCD/SPI/I2C,12-bit,Crossover MCU (high perf),turn1search1,,,,,,,,,,,,,,,,,,,,
MMA8451Q_29,Accelerometer,SENSOR,,1.95,3.6,1.62,3.6,-40.0,85.0,0.0,0.0,0.0,6x6 LGA,I2C,0,3-axis accelerometer 14-bit,turn1search3,,,,,,,,,,,,,,,,,,,,
FXOS8700CQ_30,6-axis,SENSOR,,1.95,3.6,1.62,3.6,-40.0,85.0,0.0,0.0,0.0,QFN,I2C/SPI,0,3-axis accel + 3-axis mag,turn1search4,,,,,,,,,,,,,,,,,,,,
LPC55S69_31,LPC55S6x,MCU,Cortex-M33,1.8,3.6,1.8,3.6,-40.0,105.0,640.0,320.0,150.0,64-TQFP,USB/ETH/I2C/SPI/CAN,10x16b,"Cortex-M33, security features",turn1search10,,,,,,,,,,,,,,,,,,,,
LPC54608_32,LPC54000,MCU,Cortex-M4,1.8,3.6,1.8,3.6,-40.0,105.0,512.0,200.0,220.0,100-LQFP,USB/SD/MMC/SPI/I2C,12-bit,High-performance Cortex-M4 family,turn0search6,,,,,,,,,,,,,,,,,,,,
i.MXRT1060_33,i.MX RT,MCU/Crossover,Cortex-M7,1.71,3.6,1.71,3.6,-40.0,105.0,1024.0,512.0,600.0,BGA,USB/ETH/LCD/SPI/I2C,12-bit,Crossover MCU (high perf),turn1search1,,,,,,,,,,,,,,,,,,,,
MMA8451Q_34,Accelerometer,SENSOR,,1.95,3.6,1.62,3.6,-40.0,85.0,0.0,0.0,0.0,6x6 LGA,I2C,0,3-axis accelerometer 14-bit,turn1search3,,,,,,,,,,,,,,,,,,,,
FXOS8700CQ_35,6-axis,SENSOR,,1.95,3.6,1.62,3.6,-40.0,85.0,0.0,0.0,0.0,QFN,I2C/SPI,0,3-axis accel + 3-axis mag,turn1search4,,,,,,,,,,,,,,,,,,,,
LPC55S69_36,LPC55S6x,MCU,Cortex-M33,1.8,3.6,1.8,3.6,-40.0,105.0,640.0,320.0,150.0,64-TQFP,USB/ETH/I2C/SPI/CAN,10x16b,"Cortex-M33, security features",turn1search10,,,,,,,,,,,,,,,,,,,,
LPC54608_37,LPC54000,MCU,Cortex-M4,1.8,3.6,1.8,3.6,-40.0,105.0,512.0,200.0,220.0,100-LQFP,USB/SD/MMC/SPI/I2C,12-bit,High-performance Cortex-M4 family,turn0search6,,,,,,,,,,,,,,,,,,,,
i.MXRT1060_38,i.MX RT,MCU/Crossover,Cortex-M7,1.71,3.6,1.71,3.6,-40.0,105.0,1024.0,512.0,600.0,BGA,USB/ETH/LCD/SPI/I2C,12-bit,Crossover MCU (high perf),turn1search1,,,,,,,,,,,,,,,,,,,,
MMA8451Q_39,Accelerometer,SENSOR,,1.95,3.6,1.62,3.6,-40.0,85.0,0.0,0.0,0.0,6x6 LGA,I2C,0,3-axis accelerometer 14-bit,turn1search3,,,,,,,,,,,,,,,,,,,,
FXOS8700CQ_40,6-axis,SENSOR,,1.95,3.6,1.62,3.6,-40.0,85.0,0.0,0.0,0.0,QFN,I2C/SPI,0,3-axis accel + 3-axis mag,turn1search4,,,,,,,,,,,,,,,,,,,,
LPC55S69_41,LPC55S6x,MCU,Cortex-M33,1.8,3.6,1.8,3.6,-40.0,105.0,640.0,320.0,150.0,64-TQFP,USB/ETH/I2C/SPI/CAN,10x16b,"Cortex-M33, security features",turn1search10,,,,,,,,,,,,,,,,,,,,
LPC54608_42,LPC54000,MCU,Cortex-M4,1.8,3.6,1.8,3.6,-40.0,105.0,512.0,200.0,220.0,100-LQFP,USB/SD/MMC/SPI/I2C,12-bit,High-performance Cortex-M4 family,turn0search6,,,,,,,,,,,,,,,,,,,,
i.MXRT1060_43,i.MX RT,MCU/Crossover,Cortex-M7,1.71,3.6,1.71,3.6,-40.0,105.0,1024.0,512.0,600.0,BGA,USB/ETH/LCD/SPI/I2C,12-bit,Crossover MCU (high perf),turn1search1,,,,,,,,,,,,,,,,,,,,
MMA8451Q_44,Accelerometer,SENSOR,,1.95,3.6,1.62,3.6,-40.0,85.0,0.0,0.0,0.0,6x6 LGA,I2C,0,3-axis accelerometer 14-bit,turn1search3,,,,,,,,,,,,,,,,,,,,
FXOS8700CQ_45,6-axis,SENSOR,,1.95,3.6,1.62,3.6,-40.0,85.0,0.0,0.0,0.0,QFN,I2C/SPI,0,3-axis accel + 3-axis mag,turn1search4,,,,,,,,,,,,,,,,,,,,
LPC55S69_46,LPC55S6x,MCU,Cortex-M33,1.8,3.6,1.8,3.6,-40.0,105.0,640.0,320.0,150.0,64-TQFP,USB/ETH/I2C/SPI/CAN,10x16b,"Cortex-M33, security features",turn1search10,,,,,,,,,,,,,,,,,,,,
LPC54608_47,LPC54000,MCU,Cortex-M4,1.8,3.6,1.8,3.6,-40.0,105.0,512.0,200.0,220.0,100-LQFP,USB/SD/MMC/SPI/I2C,12-bit,High-performance Cortex-M4 family,turn0search6,,,,,,,,,,,,,,,,,,,,
i.MXRT1060_48,i.MX RT,MCU/Crossover,Cortex-M7,1.71,3.6,1.71,3.6,-40.0,105.0,1024.0,512.0,600.0,BGA,USB/ETH/LCD/SPI/I2C,12-bit,Crossover MCU (high perf),turn1search1,,,,,,,,,,,,,,,,,,,,
MMA8451Q_49,Accelerometer,SENSOR,,1.95,3.6,1.62,3.6,-40.0,85.0,0.0,0.0,0.0,6x6 LGA,I2C,0,3-axis accelerometer 14-bit,turn1search3,,,,,,,,,,,,,,,,,,,,
FXOS8700CQ_50,6-axis,SENSOR,,1.95,3.6,1.62,3.6,-40.0,85.0,0.0,0.0,0.0,QFN,I2C/SPI,0,3-axis accel + 3-axis mag,turn1search4,,,,,,,,,,,,,,,,,,,,
LPC55S69_51,LPC55S6x,MCU,Cortex-M33,1.8,3.6,1.8,3.6,-40.0,105.0,640.0,320.0,150.0,64-TQFP,USB/ETH/I2C/SPI/CAN,10x16b,"Cortex-M33, security features",turn1search10,,,,,,,,,,,,,,,,,,,,
LPC54608_52,LPC54000,MCU,Cortex-M4,1.8,3.6,1.8,3.6,-40.0,105.0,512.0,200.0,220.0,100-LQFP,USB/SD/MMC/SPI/I2C,12-bit,High-performance Cortex-M4 family,turn0search6,,,,,,,,,,,,,,,,,,,,
i.MXRT1060_53,i.MX RT,MCU/Crossover,Cortex-M7,1.71,3.6,1.71,3.6,-40.0,105.0,1024.0,512.0,600.0,BGA,USB/ETH/LCD/SPI/I2C,12-bit,Crossover MCU (high perf),turn1search1,,,,,,,,,,,,,,,,,,,,
MMA8451Q_54,Accelerometer,SENSOR,,1.95,3.6,1.62,3.6,-40.0,85.0,0.0,0.0,0.0,6x6 LGA,I2C,0,3-axis accelerometer 14-bit,turn1search3,,,,,,,,,,,,,,,,,,,,
FXOS8700CQ_55,6-axis,SENSOR,,1.95,3.6,1.62,3.6,-40.0,85.0,0.0,0.0,0.0,QFN,I2C/SPI,0,3-axis accel + 3-axis mag,turn1search4,,,,,,,,,,,,,,,,,,,,
LPC55S69_56,LPC55S6x,MCU,Cortex-M33,1.8,3.6,1.8,3.6,-40.0,105.0,640.0,320.0,150.0,64-TQFP,USB/ETH/I2C/SPI/CAN,10x16b,"Cortex-M33, security features",turn1search10,,,,,,,,,,,,,,,,,,,,
LPC54608_57,LPC54000,MCU,Cortex-M4,1.8,3.6,1.8,3.6,-40.0,105.0,512.0,200.0,220.0,100-LQFP,USB/SD/MMC/SPI/I2C,12-bit,High-performance Cortex-M4 family,turn0search6,,,,,,,,,,,,,,,,,,,,
i.MXRT1060_58,i.MX RT,MCU/Crossover,Cortex-M7,1.71,3.6,1.71,3.6,-40.0,105.0,1024.0,512.0,600.0,BGA,USB/ETH/LCD/SPI/I2C,12-bit,Crossover MCU (high perf),turn1search1,,,,,,,,,,,,,,,,,,,,
MMA8451Q_59,Accelerometer,SENSOR,,1.95,3.6,1.62,3.6,-40.0,85.0,0.0,0.0,0.0,6x6 LGA,I2C,0,3-axis accelerometer 14-bit,turn1search3,,,,,,,,,,,,,,,,,,,,
FXOS8700CQ_60,6-axis,SENSOR,,1.95,3.6,1.62,3.6,-40.0,85.0,0.0,0.0,0.0,QFN,I2C/SPI,0,3-axis accel + 3-axis mag,turn1search4,,,,,,,,,,,,,,,,,,,,
LPC55S69_61,LPC55S6x,MCU,Cortex-M33,1.8,3.6,1.8,3.6,-40.0,105.0,640.0,320.0,150.0,64-TQFP,USB/ETH/I2C/SPI/CAN,10x16b,"Cortex-M33, security features",turn1search10,,,,,,,,,,,,,,,,,,,,
LPC54608_62,LPC54000,MCU,Cortex-M4,1.8,3.6,1.8,3.6,-40.0,105.0,512.0,200.0,220.0,100-LQFP,USB/SD/MMC/SPI/I2C,12-bit,High-performance Cortex-M4 family,turn0search6,,,,,,,,,,,,,,,,,,,,
i.MXRT1060_63,i.MX RT,MCU/Crossover,Cortex-M7,1.71,3.6,1.71,3.6,-40.0,105.0,1024.0,512.0,600.0,BGA,USB/ETH/LCD/SPI/I2C,12-bit,Crossover MCU (high perf),turn1search1,,,,,,,,,,,,,,,,,,,,
MMA8451Q_64,Accelerometer,SENSOR,,1.95,3.6,1.62,3.6,-40.0,85.0,0.0,0.0,0.0,6x6 LGA,I2C,0,3-axis accelerometer 14-bit,turn1search3,,,,,,,,,,,,,,,,,,,,
FXOS8700CQ_65,6-axis,SENSOR,,1.95,3.6,1.62,3.6,-40.0,85.0,0.0,0.0,0.0,QFN,I2C/SPI,0,3-axis accel + 3-axis mag,turn1search4,,,,,,,,,,,,,,,,,,,,
LPC55S69_66,LPC55S6x,MCU,Cortex-M33,1.8,3.6,1.8,3.6,-40.0,105.0,640.0,320.0,150.0,64-TQFP,USB/ETH/I2C/SPI/CAN,10x16b,"Cortex-M33, security features",turn1search10,,,,,,,,,,,,,,,,,,,,
LPC54608_67,LPC54000,MCU,Cortex-M4,1.8,3.6,1.8,3.6,-40.0,105.0,512.0,200.0,220.0,100-LQFP,USB/SD/MMC/SPI/I2C,12-bit,High-performance Cortex-M4 family,turn0search6,,,,,,,,,,,,,,,,,,,,
i.MXRT1060_68,i.MX RT,MCU/Crossover,Cortex-M7,1.71,3.6,1.71,3.6,-40.0,105.0,1024.0,512.0,600.0,BGA,USB/ETH/LCD/SPI/I2C,12-bit,Crossover MCU (high perf),turn1search1,,,,,,,,,,,,,,,,,,,,
MMA8451Q_69,Accelerometer,SENSOR,,1.95,3.6,1.62,3.6,-40.0,85.0,0.0,0.0,0.0,6x6 LGA,I2C,0,3-axis accelerometer 14-bit,turn1search3,,,,,,,,,,,,,,,,,,,,
FXOS8700CQ_70,6-axis,SENSOR,,1.95,3.6,1.62,3.6,-40.0,85.0,0.0,0.0,0.0,QFN,I2C/SPI,0,3-axis accel + 3-axis mag,turn1search4,,,,,,,,,,,,,,,,,,,,
LPC55S69_71,LPC55S6x,MCU,Cortex-M33,1.8,3.6,1.8,3.6,-40.0,105.0,640.0,320.0,150.0,64-TQFP,USB/ETH/I2C/SPI/CAN,10x16b,"Cortex-M33, security features",turn1search10,,,,,,,,,,,,,,,,,,,,
LPC54608_72,LPC54000,MCU,Cortex-M4,1.8,3.6,1.8,3.6,-40.0,105.0,512.0,200.0,220.0,100-LQFP,USB/SD/MMC/SPI/I2C,12-bit,High-performance Cortex-M4 family,turn0search6,,,,,,,,,,,,,,,,,,,,
i.MXRT1060_73,i.MX RT,MCU/Crossover,Cortex-M7,1.71,3.6,1.71,3.6,-40.0,105.0,1024.0,512.0,600.0,BGA,USB/ETH/LCD/SPI/I2C,12-bit,Crossover MCU (high perf),turn1search1,,,,,,,,,,,,,,,,,,,,
MMA8451Q_74,Accelerometer,SENSOR,,1.95,3.6,1.62,3.6,-40.0,85.0,0.0,0.0,0.0,6x6 LGA,I2C,0,3-axis accelerometer 14-bit,turn1search3,,,,,,,,,,,,,,,,,,,,
FXOS8700CQ_75,6-axis,SENSOR,,1.95,3.6,1.62,3.6,-40.0,85.0,0.0,0.0,0.0,QFN,I2C/SPI,0,3-axis accel + 3-axis mag,turn1search4,,,,,,,,,,,,,,,,,,,,
LPC55S69_76,LPC55S6x,MCU,Cortex-M33,1.8,3.6,1.8,3.6,-40.0,105.0,640.0,320.0,150.0,64-TQFP,USB/ETH/I2C/SPI/CAN,10x16b,"Cortex-M33, security features",turn1search10,,,,,,,,,,,,,,,,,,,,
LPC54608_77,LPC54000,MCU,Cortex-M4,1.8,3.6,1.8,3.6,-40.0,105.0,512.0,200.0,220.0,100-LQFP,USB/SD/MMC/SPI/I2C,12-bit,High-performance Cortex-M4 family,turn0search6,,,,,,,,,,,,,,,,,,,,
i.MXRT1060_78,i.MX RT,MCU/Crossover,Cortex-M7,1.71,3.6,1.71,3.6,-40.0,105.0,1024.0,512.0,600.0,BGA,USB/ETH/LCD/SPI/I2C,12-bit,Crossover MCU (high perf),turn1search1,,,,,,,,,,,,,,,,,,,,
MMA8451Q_79,Accelerometer,SENSOR,,1.95,3.6,1.62,3.6,-40.0,85.0,0.0,0.0,0.0,6x6 LGA,I2C,0,3-axis accelerometer 14-bit,turn1search3,,,,,,,,,,,,,,,,,,,,
FXOS8700CQ_80,6-axis,SENSOR,,1.95,3.6,1.62,3.6,-40.0,85.0,0.0,0.0,0.0,QFN,I2C/SPI,0,3-axis accel + 3-axis mag,turn1search4,,,,,,,,,,,,,,,,,,,,
LPC55S69_81,LPC55S6x,MCU,Cortex-M33,1.8,3.6,1.8,3.6,-40.0,105.0,640.0,320.0,150.0,64-TQFP,USB/ETH/I2C/SPI/CAN,10x16b,"Cortex-M33, security features",turn1search10,,,,,,,,,,,,,,,,,,,,
LPC54608_82,LPC54000,MCU,Cortex-M4,1.8,3.6,1.8,3.6,-40.0,105.0,512.0,200.0,220.0,100-LQFP,USB/SD/MMC/SPI/I2C,12-bit,High-performance Cortex-M4 family,turn0search6,,,,,,,,,,,,,,,,,,,,
i.MXRT1060_83,i.MX RT,MCU/Crossover,Cortex-M7,1.71,3.6,1.71,3.6,-40.0,105.0,1024.0,512.0,600.0,BGA,USB/ETH/LCD/SPI/I2C,12-bit,Crossover MCU (high perf),turn1search1,,,,,,,,,,,,,,,,,,,,
MMA8451Q_84,Accelerometer,SENSOR,,1.95,3.6,1.62,3.6,-40.0,85.0,0.0,0.0,0.0,6x6 LGA,I2C,0,3-axis accelerometer 14-bit,turn1search3,,,,,,,,,,,,,,,,,,,,
FXOS8700CQ_85,6-axis,SENSOR,,1.95,3.6,1.62,3.6,-40.0,85.0,0.0,0.0,0.0,QFN,I2C/SPI,0,3-axis accel + 3-axis mag,turn1search4,,,,,,,,,,,,,,,,,,,,
LPC55S69_86,LPC55S6x,MCU,Cortex-M33,1.8,3.6,1.8,3.6,-40.0,105.0,640.0,320.0,150.0,64-TQFP,USB/ETH/I2C/SPI/CAN,10x16b,"Cortex-M33, security features",turn1search10,,,,,,,,,,,,,,,,,,,,
LPC54608_87,LPC54000,MCU,Cortex-M4,1.8,3.6,1.8,3.6,-40.0,105.0,512.0,200.0,220.0,100-LQFP,USB/SD/MMC/SPI/I2C,12-bit,High-performance Cortex-M4 family,turn0search6,,,,,,,,,,,,,,,,,,,,
i.MXRT1060_88,i.MX RT,MCU/Crossover,Cortex-M7,1.71,3.6,1.71,3.6,-40.0,105.0,1024.0,512.0,600.0,BGA,USB/ETH/LCD/SPI/I2C,12-bit,Crossover MCU (high perf),turn1search1,,,,,,,,,,,,,,,,,,,,
MMA8451Q_89,Accelerometer,SENSOR,,1.95,3.6,1.62,3.6,-40.0,85.0,0.0,0.0,0.0,6x6 LGA,I2C,0,3-axis accelerometer 14-bit,turn1search3,,,,,,,,,,,,,,,,,,,,
FXOS8700CQ_90,6-axis,SENSOR,,1.95,3.6,1.62,3.6,-40.0,85.0,0.0,0.0,0.0,QFN,I2C/SPI,0,3-axis accel + 3-axis mag,turn1search4,,,,,,,,,,,,,,,,,,,,
LPC55S69_91,LPC55S6x,MCU,Cortex-M33,1.8,3.6,1.8,3.6,-40.0,105.0,640.0,320.0,150.0,64-TQFP,USB/ETH/I2C/SPI/CAN,10x16b,"Cortex-M33, security features",turn1search10,,,,,,,,,,,,,,,,,,,,
LPC54608_92,LPC54000,MCU,Cortex-M4,1.8,3.6,1.8,3.6,-40.0,105.0,512.0,200.0,220.0,100-LQFP,USB/SD/MMC/SPI/I2C,12-bit,High-performance Cortex-M4 family,turn0search6,,,,,,,,,,,,,,,,,,,,
i.MXRT1060_93,i.MX RT,MCU/Crossover,Cortex-M7,1.71,3.6,1.71,3.6,-40.0,105.0,1024.0,512.0,600.0,BGA,USB/ETH/LCD/SPI/I2C,12-bit,Crossover MCU (high perf),turn1search1,,,,,,,,,,,,,,,,,,,,
MMA8451Q_94,Accelerometer,SENSOR,,1.95,3.6,1.62,3.6,-40.0,85.0,0.0,0.0,0.0,6x6 LGA,I2C,0,3-axis accelerometer 14-bit,turn1search3,,,,,,,,,,,,,,,,,,,,
FXOS8700CQ_95,6-axis,SENSOR,,1.95,3.6,1.62,3.6,-40.0,85.0,0.0,0.0,0.0,QFN,I2C/SPI,0,3-axis accel + 3-axis mag,turn1search4,,,,,,,,,,,,,,,,,,,,
LPC55S69_96,LPC55S6x,MCU,Cortex-M33,1.8,3.6,1.8,3.6,-40.0,105.0,640.0,320.0,150.0,64-TQFP,USB/ETH/I2C/SPI/CAN,10x16b,"Cortex-M33, security features",turn1search10,,,,,,,,,,,,,,,,,,,,
LPC54608_97,LPC54000,MCU,Cortex-M4,1.8,3.6,1.8,3.6,-40.0,105.0,512.0,200.0,220.0,100-LQFP,USB/SD/MMC/SPI/I2C,12-bit,High-performance Cortex-M4 family,turn0search6,,,,,,,,,,,,,,,,,,,,
i.MXRT1060_98,i.MX RT,MCU/Crossover,Cortex-M7,1.71,3.6,1.71,3.6,-40.0,105.0,1024.0,512.0,600.0,BGA,USB/ETH/LCD/SPI/I2C,12-bit,Crossover MCU (high perf),turn1search1,,,,,,,,,,,,,,,,,,,,
MMA8451Q_99,Accelerometer,SENSOR,,1.95,3.6,1.62,3.6,-40.0,85.0,0.0,0.0,0.0,6x6 LGA,I2C,0,3-axis accelerometer 14-bit,turn1search3,,,,,,,,,,,,,,,,,,,,
FXOS8700CQ_100,6-axis,SENSOR,,1.95,3.6,1.62,3.6,-40.0,85.0,0.0,0.0,0.0,QFN,I2C/SPI,0,3-axis accel + 3-axis mag,turn1search4,,,,,,,,,,,,,,,,,,,,
LPC55S69_101,LPC55S6x,MCU,Cortex-M33,1.8,3.6,1.8,3.6,-40.0,105.0,640.0,320.0,150.0,64-TQFP,USB/ETH/I2C/SPI/CAN,10x16b,"Cortex-M33, security features",turn1search10,,,,,,,,,,,,,,,,,,,,
LPC54608_102,LPC54000,MCU,Cortex-M4,1.8,3.6,1.8,3.6,-40.0,105.0,512.0,200.0,220.0,100-LQFP,USB/SD/MMC/SPI/I2C,12-bit,High-performance Cortex-M4 family,turn0search6,,,,,,,,,,,,,,,,,,,,
i.MXRT1060_103,i.MX RT,MCU/Crossover,Cortex-M7,1.71,3.6,1.71,3.6,-40.0,105.0,1024.0,512.0,600.0,BGA,USB/ETH/LCD/SPI/I2C,12-bit,Crossover MCU (high perf),turn1search1,,,,,,,,,,,,,,,,,,,,
MMA8451Q_104,Accelerometer,SENSOR,,1.95,3.6,1.62,3.6,-40.0,85.0,0.0,0.0,0.0,6x6 LGA,I2C,0,3-axis accelerometer 14-bit,turn1search3,,,,,,,,,,,,,,,,,,,,
FXOS8700CQ_105,6-axis,SENSOR,,1.95,3.6,1.62,3.6,-40.0,85.0,0.0,0.0,0.0,QFN,I2C/SPI,0,3-axis accel + 3-axis mag,turn1search4,,,,,,,,,,,,,,,,,,,,
LPC55S69_106,LPC55S6x,MCU,Cortex-M33,1.8,3.6,1.8,3.6,-40.0,105.0,640.0,320.0,150.0,64-TQFP,USB/ETH/I2C/SPI/CAN,10x16b,"Cortex-M33, security features",turn1search10,,,,,,,,,,,,,,,,,,,,
LPC54608_107,LPC54000,MCU,Cortex-M4,1.8,3.6,1.8,3.6,-40.0,105.0,512.0,200.0,220.0,100-LQFP,USB/SD/MMC/SPI/I2C,12-bit,High-performance Cortex-M4 family,turn0search6,,,,,,,,,,,,,,,,,,,,
i.MXRT1060_108,i.MX RT,MCU/Crossover,Cortex-M7,1.71,3.6,1.71,3.6,-40.0,105.0,1024.0,512.0,600.0,BGA,USB/ETH/LCD/SPI/I2C,12-bit,Crossover MCU (high perf),turn1search1,,,,,,,,,,,,,,,,,,,,
MMA8451Q_109,Accelerometer,SENSOR,,1.95,3.6,1.62,3.6,-40.0,85.0,0.0,0.0,0.0,6x6 LGA,I2C,0,3-axis accelerometer 14-bit,turn1search3,,,,,,,,,,,,,,,,,,,,
FXOS8700CQ_110,6-axis,SENSOR,,1.95,3.6,1.62,3.6,-40.0,85.0,0.0,0.0,0.0,QFN,I2C/SPI,0,3-axis accel + 3-axis mag,turn1search4,,,,,,,,,,,,,,,,,,,,
LPC55S69_111,LPC55S6x,MCU,Cortex-M33,1.8,3.6,1.8,3.6,-40.0,105.0,640.0,320.0,150.0,64-TQFP,USB/ETH/I2C/SPI/CAN,10x16b,"Cortex-M33, security features",turn1search10,,,,,,,,,,,,,,,,,,,,
LPC54608_112,LPC54000,MCU,Cortex-M4,1.8,3.6,1.8,3.6,-40.0,105.0,512.0,200.0,220.0,100-LQFP,USB/SD/MMC/SPI/I2C,12-bit,High-performance Cortex-M4 family,turn0search6,,,,,,,,,,,,,,,,,,,,
i.MXRT1060_113,i.MX RT,MCU/Crossover,Cortex-M7,1.71,3.6,1.71,3.6,-40.0,105.0,1024.0,512.0,600.0,BGA,USB/ETH/LCD/SPI/I2C,12-bit,Crossover MCU (high perf),turn1search1,,,,,,,,,,,,,,,,,,,,
MMA8451Q_114,Accelerometer,SENSOR,,1.95,3.6,1.62,3.6,-40.0,85.0,0.0,0.0,0.0,6x6 LGA,I2C,0,3-axis accelerometer 14-bit,turn1search3,,,,,,,,,,,,,,,,,,,,
FXOS8700CQ_115,6-axis,SENSOR,,1.95,3.6,1.62,3.6,-40.0,85.0,0.0,0.0,0.0,QFN,I2C/SPI,0,3-axis accel + 3-axis mag,turn1search4,,,,,,,,,,,,,,,,,,,,
,,,,,,,,,,,,,,,,,,BCM43455,Broadcom/Cypress,3.0,3.3,5.25,-40.0,85.0,https://pk.micro-semiconductor.hk/datasheet/82-CYW43455XKUBGT.pdf,Wi-Fi/Bluetooth combo; datasheet lists battery voltage range 3.0-5.25V.,TSMC-OFFER-0020,N3,3nm,3.0,https://www.tsmc.com/english/dedicatedFoundry/technology/logic/l_3nm,Co-Packaging,Co-Packaging,https://3dfabric.tsmc.com/english/dedicatedFoundry/technology/3DFabric.htm,NRE/Prototyping,https://www.tsmc.com/english/dedicatedFoundry/services,Process source: https://www.tsmc.com/english/dedicatedFoundry/technology/logic/l_3nm | Packaging source: https://3dfabric.tsmc.com/english/dedicatedFoundry/technology/3DFabric.htm | Service source: https://www.tsmc.com/english/dedicatedFoundry/services
,,,,,,,,,,,,,,,,,,BCM43455,Broadcom/Cypress,3.0,3.3,5.25,-40.0,85.0,https://pk.micro-semiconductor.hk/datasheet/82-CYW43455XKUBGT.pdf,Wi-Fi/Bluetooth combo; datasheet lists battery voltage range 3.0-5.25V.,TSMC-OFFER-0043,N3P,3nm,3.0,https://pr.tsmc.com/english/news/3021,CoWoS-S,CoWoS,https://3dfabric.tsmc.com/english/dedicatedFoundry/technology/cowos.htm,MPW/CyberShuttle,https://www.tsmc.com/english/dedicatedFoundry/services/cyberShuttle,Process source: https://pr.tsmc.com/english/news/3021 | Packaging source: https://3dfabric.tsmc.com/english/dedicatedFoundry/technology/cowos.htm | Service source: https://www.tsmc.com/english/dedicatedFoundry/services/cyberShuttle
,,,,,,,,,,,,,,,,,,BCM43455,Broadcom/Cypress,3.0,3.3,5.25,-40.0,85.0,https://pk.micro-semiconductor.hk/datasheet/82-CYW43455XKUBGT.pdf,Wi-Fi/Bluetooth combo; datasheet lists battery voltage range 3.0-5.25V.,TSMC-OFFER-0154,N4P,4nm,4.0,https://pr.tsmc.com/english/news/2895,InFO-PoP,InFO,https://3dfabric.tsmc.com/english/dedicatedFoundry/technology/InFO.htm,MPW/CyberShuttle,https://www.tsmc.com/english/dedicatedFoundry/services/cyberShuttle,Process source: https://pr.tsmc.com/english/news/2895 | Packaging source: https://3dfabric.tsmc.com/english/dedicatedFoundry/technology/InFO.htm | Service source: https://www.tsmc.com/english/dedicatedFoundry/services/cyberShuttle
,,,,,,,,,,,,,,,,,,CYW4339 / BCM4339,Infineon/Cypress,3.0,3.3,5.25,-40.0,85.0,https://www.infineon.com/dgdl/Infineon-CYW4339_Single_Chip_5G_WiFi_IEEE_802.11ac_MAC_Baseband_Radio_with_Integrated_Bluetooth_4.1-DataSheet-v10_00-EN.pdf?fileId=8ac78c8c7d0d8da4017d0ee1e7d367fd,Datasheet shows battery voltage range 3.0-5.25V and operating temps.,TSMC-OFFER-0020,N3,3nm,3.0,https://www.tsmc.com/english/dedicatedFoundry/technology/logic/l_3nm,Co-Packaging,Co-Packaging,https://3dfabric.tsmc.com/english/dedicatedFoundry/technology/3DFabric.htm,NRE/Prototyping,https://www.tsmc.com/english/dedicatedFoundry/services,Process source: https://www.tsmc.com/english/dedicatedFoundry/technology/logic/l_3nm | Packaging source: https://3dfabric.tsmc.com/english/dedicatedFoundry/technology/3DFabric.htm | Service source: https://www.tsmc.com/english/dedicatedFoundry/services
,,,,,,,,,,,,,,,,,,CYW4339 / BCM4339,Infineon/Cypress,3.0,3.3,5.25,-40.0,85.0,https://www.infineon.com/dgdl/Infineon-CYW4339_Single_Chip_5G_WiFi_IEEE_802.11ac_MAC_Baseband_Radio_with_Integrated_Bluetooth_4.1-DataSheet-v10_00-EN.pdf?fileId=8ac78c8c7d0d8da4017d0ee1e7d367fd,Datasheet shows battery voltage range 3.0-5.25V and operating temps.,TSMC-OFFER-0043,N3P,3nm,3.0,https://pr.tsmc.com/english/news/3021,CoWoS-S,CoWoS,https://3dfabric.tsmc.com/english/dedicatedFoundry/technology/cowos.htm,MPW/CyberShuttle,https://www.tsmc.com/english/dedicatedFoundry/services/cyberShuttle,Process source: https://pr.tsmc.com/english/news/3021 | Packaging source: https://3dfabric.tsmc.com/english/dedicatedFoundry/technology/cowos.htm | Service source: https://www.tsmc.com/english/dedicatedFoundry/services/cyberShuttle
,,,,,,,,,,,,,,,,,,CYW4339 / BCM4339,Infineon/Cypress,3.0,3.3,5.25,-40.0,85.0,https://www.infineon.com/dgdl/Infineon-CYW4339_Single_Chip_5G_WiFi_IEEE_802.11ac_MAC_Baseband_Radio_with_Integrated_Bluetooth_4.1-DataSheet-v10_00-EN.pdf?fileId=8ac78c8c7d0d8da4017d0ee1e7d367fd,Datasheet shows battery voltage range 3.0-5.25V and operating temps.,TSMC-OFFER-0154,N4P,4nm,4.0,https://pr.tsmc.com/english/news/2895,InFO-PoP,InFO,https://3dfabric.tsmc.com/english/dedicatedFoundry/technology/InFO.htm,MPW/CyberShuttle,https://www.tsmc.com/english/dedicatedFoundry/services/cyberShuttle,Process source: https://pr.tsmc.com/english/news/2895 | Packaging source: https://3dfabric.tsmc.com/english/dedicatedFoundry/technology/InFO.htm | Service source: https://www.tsmc.com/english/dedicatedFoundry/services/cyberShuttle
,,,,,,,,,,,,,,,,,,MT7931AN,MediaTek,2.97,3.3,3.63,-30.0,125.0,https://i.mediatek.com/hubfs/MediaTek%20Assets/Pdfs/Genio%20Documents/MT7931AN_Datasheet.pdf,Wi‑Fi 1T1R chip; recommended VDD33 range 2.97–3.63V; junction -30 to 125°C.,TSMC-OFFER-0020,N3,3nm,3.0,https://www.tsmc.com/english/dedicatedFoundry/technology/logic/l_3nm,Co-Packaging,Co-Packaging,https://3dfabric.tsmc.com/english/dedicatedFoundry/technology/3DFabric.htm,NRE/Prototyping,https://www.tsmc.com/english/dedicatedFoundry/services,Process source: https://www.tsmc.com/english/dedicatedFoundry/technology/logic/l_3nm | Packaging source: https://3dfabric.tsmc.com/english/dedicatedFoundry/technology/3DFabric.htm | Service source: https://www.tsmc.com/english/dedicatedFoundry/services
,,,,,,,,,,,,,,,,,,MT7931AN,MediaTek,2.97,3.3,3.63,-30.0,125.0,https://i.mediatek.com/hubfs/MediaTek%20Assets/Pdfs/Genio%20Documents/MT7931AN_Datasheet.pdf,Wi‑Fi 1T1R chip; recommended VDD33 range 2.97–3.63V; junction -30 to 125°C.,TSMC-OFFER-0043,N3P,3nm,3.0,https://pr.tsmc.com/english/news/3021,CoWoS-S,CoWoS,https://3dfabric.tsmc.com/english/dedicatedFoundry/technology/cowos.htm,MPW/CyberShuttle,https://www.tsmc.com/english/dedicatedFoundry/services/cyberShuttle,Process source: https://pr.tsmc.com/english/news/3021 | Packaging source: https://3dfabric.tsmc.com/english/dedicatedFoundry/technology/cowos.htm | Service source: https://www.tsmc.com/english/dedicatedFoundry/services/cyberShuttle
,,,,,,,,,,,,,,,,,,MT7931AN,MediaTek,2.97,3.3,3.63,-30.0,125.0,https://i.mediatek.com/hubfs/MediaTek%20Assets/Pdfs/Genio%20Documents/MT7931AN_Datasheet.pdf,Wi‑Fi 1T1R chip; recommended VDD33 range 2.97–3.63V; junction -30 to 125°C.,TSMC-OFFER-0154,N4P,4nm,4.0,https://pr.tsmc.com/english/news/2895,InFO-PoP,InFO,https://3dfabric.tsmc.com/english/dedicatedFoundry/technology/InFO.htm,MPW/CyberShuttle,https://www.tsmc.com/english/dedicatedFoundry/services/cyberShuttle,Process source: https://pr.tsmc.com/english/news/2895 | Packaging source: https://3dfabric.tsmc.com/english/dedicatedFoundry/technology/InFO.htm | Service source: https://www.tsmc.com/english/dedicatedFoundry/services/cyberShuttle
,,,,,,,,,,,,,,,,,,MT7933CT,MediaTek,2.97,3.3,3.63,-30.0,125.0,https://mediatek-marketing.files.svdcdn.com/production/documents/MT7933CT_Datasheet.pdf,Recommended operating VDD33 2.97–3.63V; temp range -30 to 125°C.,TSMC-OFFER-0020,N3,3nm,3.0,https://www.tsmc.com/english/dedicatedFoundry/technology/logic/l_3nm,Co-Packaging,Co-Packaging,https://3dfabric.tsmc.com/english/dedicatedFoundry/technology/3DFabric.htm,NRE/Prototyping,https://www.tsmc.com/english/dedicatedFoundry/services,Process source: https://www.tsmc.com/english/dedicatedFoundry/technology/logic/l_3nm | Packaging source: https://3dfabric.tsmc.com/english/dedicatedFoundry/technology/3DFabric.htm | Service source: https://www.tsmc.com/english/dedicatedFoundry/services
,,,,,,,,,,,,,,,,,,MT7933CT,MediaTek,2.97,3.3,3.63,-30.0,125.0,https://mediatek-marketing.files.svdcdn.com/production/documents/MT7933CT_Datasheet.pdf,Recommended operating VDD33 2.97–3.63V; temp range -30 to 125°C.,TSMC-OFFER-0043,N3P,3nm,3.0,https://pr.tsmc.com/english/news/3021,CoWoS-S,CoWoS,https://3dfabric.tsmc.com/english/dedicatedFoundry/technology/cowos.htm,MPW/CyberShuttle,https://www.tsmc.com/english/dedicatedFoundry/services/cyberShuttle,Process source: https://pr.tsmc.com/english/news/3021 | Packaging source: https://3dfabric.tsmc.com/english/dedicatedFoundry/technology/cowos.htm | Service source: https://www.tsmc.com/english/dedicatedFoundry/services/cyberShuttle
,,,,,,,,,,,,,,,,,,MT7933CT,MediaTek,2.97,3.3,3.63,-30.0,125.0,https://mediatek-marketing.files.svdcdn.com/production/documents/MT7933CT_Datasheet.pdf,Recommended operating VDD33 2.97–3.63V; temp range -30 to 125°C.,TSMC-OFFER-0154,N4P,4nm,4.0,https://pr.tsmc.com/english/news/2895,InFO-PoP,InFO,https://3dfabric.tsmc.com/english/dedicatedFoundry/technology/InFO.htm,MPW/CyberShuttle,https://www.tsmc.com/english/dedicatedFoundry/services/cyberShuttle,Process source: https://pr.tsmc.com/english/news/2895 | Packaging source: https://3dfabric.tsmc.com/english/dedicatedFoundry/technology/InFO.htm | Service source: https://www.tsmc.com/english/dedicatedFoundry/services/cyberShuttle
,,,,,,,,,,,,,,,,,,BCM4366,Broadcom,,,,,,https://www.digikey.com/en/products/detail/broadcom-limited/BCM4366EKMMLW1G/11594301,Distributor page; datasheet available from vendor but voltage fields not listed on dist. page.,TSMC-OFFER-0020,N3,3nm,3.0,https://www.tsmc.com/english/dedicatedFoundry/technology/logic/l_3nm,Co-Packaging,Co-Packaging,https://3dfabric.tsmc.com/english/dedicatedFoundry/technology/3DFabric.htm,NRE/Prototyping,https://www.tsmc.com/english/dedicatedFoundry/services,Process source: https://www.tsmc.com/english/dedicatedFoundry/technology/logic/l_3nm | Packaging source: https://3dfabric.tsmc.com/english/dedicatedFoundry/technology/3DFabric.htm | Service source: https://www.tsmc.com/english/dedicatedFoundry/services
,,,,,,,,,,,,,,,,,,BCM4366,Broadcom,,,,,,https://www.digikey.com/en/products/detail/broadcom-limited/BCM4366EKMMLW1G/11594301,Distributor page; datasheet available from vendor but voltage fields not listed on dist. page.,TSMC-OFFER-0043,N3P,3nm,3.0,https://pr.tsmc.com/english/news/3021,CoWoS-S,CoWoS,https://3dfabric.tsmc.com/english/dedicatedFoundry/technology/cowos.htm,MPW/CyberShuttle,https://www.tsmc.com/english/dedicatedFoundry/services/cyberShuttle,Process source: https://pr.tsmc.com/english/news/3021 | Packaging source: https://3dfabric.tsmc.com/english/dedicatedFoundry/technology/cowos.htm | Service source: https://www.tsmc.com/english/dedicatedFoundry/services/cyberShuttle
,,,,,,,,,,,,,,,,,,BCM4366,Broadcom,,,,,,https://www.digikey.com/en/products/detail/broadcom-limited/BCM4366EKMMLW1G/11594301,Distributor page; datasheet available from vendor but voltage fields not listed on dist. page.,TSMC-OFFER-0154,N4P,4nm,4.0,https://pr.tsmc.com/english/news/2895,InFO-PoP,InFO,https://3dfabric.tsmc.com/english/dedicatedFoundry/technology/InFO.htm,MPW/CyberShuttle,https://www.tsmc.com/english/dedicatedFoundry/services/cyberShuttle,Process source: https://pr.tsmc.com/english/news/2895 | Packaging source: https://3dfabric.tsmc.com/english/dedicatedFoundry/technology/InFO.htm | Service source: https://www.tsmc.com/english/dedicatedFoundry/services/cyberShuttle
,,,,,,,,,,,,,,,,,,Snapdragon 888 (product brief),Qualcomm,,,,,,https://www.qualcomm.com/media/documents/files/qualcomm-snapdragon-888-mobile-platform-product-brief.pdf,Product brief doesn't provide raw Vdd rails; PMIC and OEM board designs control rails.,TSMC-OFFER-0020,N3,3nm,3.0,https://www.tsmc.com/english/dedicatedFoundry/technology/logic/l_3nm,Co-Packaging,Co-Packaging,https://3dfabric.tsmc.com/english/dedicatedFoundry/technology/3DFabric.htm,NRE/Prototyping,https://www.tsmc.com/english/dedicatedFoundry/services,Process source: https://www.tsmc.com/english/dedicatedFoundry/technology/logic/l_3nm | Packaging source: https://3dfabric.tsmc.com/english/dedicatedFoundry/technology/3DFabric.htm | Service source: https://www.tsmc.com/english/dedicatedFoundry/services
,,,,,,,,,,,,,,,,,,Snapdragon 888 (product brief),Qualcomm,,,,,,https://www.qualcomm.com/media/documents/files/qualcomm-snapdragon-888-mobile-platform-product-brief.pdf,Product brief doesn't provide raw Vdd rails; PMIC and OEM board designs control rails.,TSMC-OFFER-0043,N3P,3nm,3.0,https://pr.tsmc.com/english/news/3021,CoWoS-S,CoWoS,https://3dfabric.tsmc.com/english/dedicatedFoundry/technology/cowos.htm,MPW/CyberShuttle,https://www.tsmc.com/english/dedicatedFoundry/services/cyberShuttle,Process source: https://pr.tsmc.com/english/news/3021 | Packaging source: https://3dfabric.tsmc.com/english/dedicatedFoundry/technology/cowos.htm | Service source: https://www.tsmc.com/english/dedicatedFoundry/services/cyberShuttle
,,,,,,,,,,,,,,,,,,Snapdragon 888 (product brief),Qualcomm,,,,,,https://www.qualcomm.com/media/documents/files/qualcomm-snapdragon-888-mobile-platform-product-brief.pdf,Product brief doesn't provide raw Vdd rails; PMIC and OEM board designs control rails.,TSMC-OFFER-0154,N4P,4nm,4.0,https://pr.tsmc.com/english/news/2895,InFO-PoP,InFO,https://3dfabric.tsmc.com/english/dedicatedFoundry/technology/InFO.htm,MPW/CyberShuttle,https://www.tsmc.com/english/dedicatedFoundry/services/cyberShuttle,Process source: https://pr.tsmc.com/english/news/2895 | Packaging source: https://3dfabric.tsmc.com/english/dedicatedFoundry/technology/InFO.htm | Service source: https://www.tsmc.com/english/dedicatedFoundry/services/cyberShuttle
,,,,,,,,,,,,,,,,,,Tegra X1 (T210) - NVIDIA,NVIDIA,,,,,,https://cdck-file-uploads-global.s3.dualstack.us-west-2.amazonaws.com/nvidia/original/2X/1/1eecf66463f700c4515bfe091b2a0f6527d13571.pdf,Tegra datasheet discusses voltage management but not explicit Vdd rails in public processor brief.,TSMC-OFFER-0020,N3,3nm,3.0,https://www.tsmc.com/english/dedicatedFoundry/technology/logic/l_3nm,Co-Packaging,Co-Packaging,https://3dfabric.tsmc.com/english/dedicatedFoundry/technology/3DFabric.htm,NRE/Prototyping,https://www.tsmc.com/english/dedicatedFoundry/services,Process source: https://www.tsmc.com/english/dedicatedFoundry/technology/logic/l_3nm | Packaging source: https://3dfabric.tsmc.com/english/dedicatedFoundry/technology/3DFabric.htm | Service source: https://www.tsmc.com/english/dedicatedFoundry/services
,,,,,,,,,,,,,,,,,,Tegra X1 (T210) - NVIDIA,NVIDIA,,,,,,https://cdck-file-uploads-global.s3.dualstack.us-west-2.amazonaws.com/nvidia/original/2X/1/1eecf66463f700c4515bfe091b2a0f6527d13571.pdf,Tegra datasheet discusses voltage management but not explicit Vdd rails in public processor brief.,TSMC-OFFER-0043,N3P,3nm,3.0,https://pr.tsmc.com/english/news/3021,CoWoS-S,CoWoS,https://3dfabric.tsmc.com/english/dedicatedFoundry/technology/cowos.htm,MPW/CyberShuttle,https://www.tsmc.com/english/dedicatedFoundry/services/cyberShuttle,Process source: https://pr.tsmc.com/english/news/3021 | Packaging source: https://3dfabric.tsmc.com/english/dedicatedFoundry/technology/cowos.htm | Service source: https://www.tsmc.com/english/dedicatedFoundry/services/cyberShuttle
,,,,,,,,,,,,,,,,,,Tegra X1 (T210) - NVIDIA,NVIDIA,,,,,,https://cdck-file-uploads-global.s3.dualstack.us-west-2.amazonaws.com/nvidia/original/2X/1/1eecf66463f700c4515bfe091b2a0f6527d13571.pdf,Tegra datasheet discusses voltage management but not explicit Vdd rails in public processor brief.,TSMC-OFFER-0154,N4P,4nm,4.0,https://pr.tsmc.com/english/news/2895,InFO-PoP,InFO,https://3dfabric.tsmc.com/english/dedicatedFoundry/technology/InFO.htm,MPW/CyberShuttle,https://www.tsmc.com/english/dedicatedFoundry/services/cyberShuttle,Process source: https://pr.tsmc.com/english/news/2895 | Packaging source: https://3dfabric.tsmc.com/english/dedicatedFoundry/technology/InFO.htm | Service source: https://www.tsmc.com/english/dedicatedFoundry/services/cyberShuttle
